model,precision@10_mean,precision@10_std,recall@10_mean,recall@10_std,ndcg@10_mean,ndcg@10_std,mrr@10_mean,mrr@10_std,hit_rate@10_mean,hit_rate@10_std
most_popular,0.04936968824199253,0.0015393062325977157,0.10134661753352141,0.0031913482136630253,0.08888486382641718,0.002500770789096579,0.1547206194938946,0.005785902916591486,0.31856773819177286,0.0077522251824581
content_based,0.03481075445510751,0.0009930984705660624,0.07059691862287584,0.002178445852886576,0.06383254899669016,0.002676276617137688,0.12395710113750076,0.007673042830823689,0.2656818104178834,0.00906977120197671
user_user_cf,0.026226691499182046,0.00122527919377136,0.05295804596607602,0.002853783833593656,0.0422842443743789,0.002479812779407647,0.07642377729007999,0.005145570737510164,0.2141977340531503,0.007794564605237656
item_item_cf,0.014294778739887484,0.0008456321208437819,0.02779901196404212,0.0015067437833056103,0.023521899019828738,0.001543182496965869,0.04609072800747577,0.003639773587591181,0.12063824267573428,0.006849560273655936
matrix_factorization,0.1336239774499401,0.0021814704258945605,0.2732507284295297,0.0032558419172353413,0.25431817516306454,0.003125027668168109,0.41354508717493366,0.009391618429004298,0.6953618031042131,0.010577943545191319
friend_based,0.08755291632338376,0.002048205489535365,0.17919534310512522,0.0036541728472864305,0.1762870473550034,0.004542424263756071,0.3116835776489966,0.009130598214912966,0.50150624090926,0.01023759551579183
hybrid_cf_social,0.08759575742403168,0.0020298004766402715,0.17932508610891135,0.003663247034074256,0.17636354178746047,0.004561218155703693,0.31177552482802057,0.00915714769418012,0.5021488707904228,0.010193180846357933
